{
  "train_loss": [
    0.08723641755697982,
    0.008894540336116084,
    0.002499753037667168,
    0.0027256358086430866,
    0.00228400950298445,
    0.0007062102199332522,
    0.0010526076169252128
  ],
  "train_acc": [
    0.9794285714285714,
    0.9978571428571429,
    0.9991428571428571,
    0.9992857142857143,
    0.9995714285714286,
    1.0,
    0.9997142857142857
  ],
  "val_loss": [
    0.004771664426972469,
    0.0017067199774707356,
    0.0008851411017045999,
    0.00031890434581631174,
    0.00026204999008526403,
    0.0001525373354088515,
    0.00013354110182262958
  ],
  "val_acc": [
    0.9993333333333333,
    1.0,
    0.9993333333333333,
    1.0,
    1.0,
    1.0,
    1.0
  ]
}